#v101,,,,,,,,,,,,,,,,,,,,,,,,,,,,,,,,,
#plus_id,need_type,need_param1,need_param2,need_param3,need_param4,need_param5,ac,ac_max,mac,mac_max,dc,dc_max,mc,mc_max,sc,sc_max,luck,curse,accuracy,dodge,antimagic,antipoison,hprecover,mprecover,poisonrecover,xixue_prob,xixue_pres,fantan_prob,fantan_pres,max_hp,max_mp,max_hp_pres,max_mp_pres
10000,200,3,0,0,0,0,0,0,0,0,0,0,0,0,0,0,0,0,0,0,0,0,0,0,0,0,0,0,0,0,0,1,0
10001,200,5,0,0,0,0,0,0,6,10,0,0,0,0,0,0,0,0,0,0,0,0,0,0,0,0,0,0,0,0,0,0,0
10002,200,7,0,0,0,0,12,20,0,0,0,0,0,0,0,0,0,0,0,0,0,0,0,0,0,0,0,0,0,0,0,0,0
10003,200,9,0,0,0,0,0,0,0,0,30,50,0,0,0,0,0,0,0,0,0,0,0,0,0,0,0,0,0,0,0,0,0
,,,,,,,,,,,,,,,,,,,,,,,,,,,,,,,,,
10100,200,3,0,0,0,0,0,0,0,0,0,0,0,0,0,0,0,0,0,0,0,0,0,0,0,0,0,0,0,0,0,1,0
10101,200,5,0,0,0,0,0,0,6,10,0,0,0,0,0,0,0,0,0,0,0,0,0,0,0,0,0,0,0,0,0,0,0
10102,200,7,0,0,0,0,12,20,0,0,0,0,0,0,0,0,0,0,0,0,0,0,0,0,0,0,0,0,0,0,0,0,0
10103,200,9,0,0,0,0,0,0,0,0,0,0,30,50,0,0,0,0,0,0,0,0,0,0,0,0,0,0,0,0,0,0,0
,,,,,,,,,,,,,,,,,,,,,,,,,,,,,,,,,
10200,200,3,0,0,0,0,0,0,0,0,0,0,0,0,0,0,0,0,0,0,0,0,0,0,0,0,0,0,0,0,0,1,0
10201,200,5,0,0,0,0,0,0,6,10,0,0,0,0,0,0,0,0,0,0,0,0,0,0,0,0,0,0,0,0,0,0,0
10202,200,7,0,0,0,0,12,20,0,0,0,0,0,0,0,0,0,0,0,0,0,0,0,0,0,0,0,0,0,0,0,0,0
10203,200,9,0,0,0,0,0,0,0,0,0,0,0,0,30,50,0,0,0,0,0,0,0,0,0,0,0,0,0,0,0,0,0
,,,,,,,,,,,,,,,,,,,,,,,,,,,,,,,,,
10300,200,3,0,0,0,0,0,0,0,0,0,0,0,0,0,0,0,0,0,0,0,0,0,0,0,0,0,0,0,0,0,3,0
10301,200,5,0,0,0,0,0,0,12,20,0,0,0,0,0,0,0,0,0,0,0,0,0,0,0,0,0,0,0,0,0,0,0
10302,200,7,0,0,0,0,18,30,0,0,0,0,0,0,0,0,0,0,0,0,0,0,0,0,0,0,0,0,0,0,0,0,0
10303,200,9,0,0,0,0,0,0,0,0,30,50,0,0,0,0,0,0,0,0,0,0,0,0,0,0,0,0,0,0,0,0,0
10304,200,10,0,0,0,0,0,0,0,0,60,100,0,0,0,0,0,0,0,0,0,0,0,0,0,0,0,0,0,0,0,0,0
10305,202,40,0,0,0,0,0,0,0,0,40,80,0,0,0,0,0,0,0,0,0,0,0,0,0,0,0,0,0,0,0,0,0
,,,,,,,,,,,,,,,,,,,,,,,,,,,,,,,,,
10400,200,3,0,0,0,0,0,0,0,0,0,0,0,0,0,0,0,0,0,0,0,0,0,0,0,0,0,0,0,0,0,3,0
10401,200,5,0,0,0,0,0,0,12,20,0,0,0,0,0,0,0,0,0,0,0,0,0,0,0,0,0,0,0,0,0,0,0
10402,200,7,0,0,0,0,18,30,0,0,0,0,0,0,0,0,0,0,0,0,0,0,0,0,0,0,0,0,0,0,0,0,0
10403,200,9,0,0,0,0,0,0,0,0,0,0,30,50,0,0,0,0,0,0,0,0,0,0,0,0,0,0,0,0,0,0,0
10404,200,10,0,0,0,0,0,0,0,0,0,0,60,100,0,0,0,0,0,0,0,0,0,0,0,0,0,0,0,0,0,0,0
10405,202,40,0,0,0,0,0,0,0,0,0,0,40,80,0,0,0,0,0,0,0,0,0,0,0,0,0,0,0,0,0,0,0
,,,,,,,,,,,,,,,,,,,,,,,,,,,,,,,,,
10500,200,3,0,0,0,0,0,0,0,0,0,0,0,0,0,0,0,0,0,0,0,0,0,0,0,0,0,0,0,0,0,3,0
10501,200,5,0,0,0,0,0,0,12,20,0,0,0,0,0,0,0,0,0,0,0,0,0,0,0,0,0,0,0,0,0,0,0
10502,200,7,0,0,0,0,18,30,0,0,0,0,0,0,0,0,0,0,0,0,0,0,0,0,0,0,0,0,0,0,0,0,0
10503,200,9,0,0,0,0,0,0,0,0,0,0,0,0,30,50,0,0,0,0,0,0,0,0,0,0,0,0,0,0,0,0,0
10504,200,10,0,0,0,0,0,0,0,0,0,0,0,0,60,100,0,0,0,0,0,0,0,0,0,0,0,0,0,0,0,0,0
10505,202,40,0,0,0,0,0,0,0,0,0,0,0,0,40,80,0,0,0,0,0,0,0,0,0,0,0,0,0,0,0,0,0
,,,,,,,,,,,,,,,,,,,,,,,,,,,,,,,,,
10600,200,3,0,0,0,0,0,0,0,0,0,0,0,0,0,0,0,0,0,0,0,0,0,0,0,0,0,0,0,0,0,4,0
10601,200,5,0,0,0,0,0,0,12,20,0,0,0,0,0,0,0,0,0,0,0,0,0,0,0,0,0,0,0,0,0,0,0
10602,200,7,0,0,0,0,18,30,0,0,0,0,0,0,0,0,0,0,0,0,0,0,0,0,0,0,0,0,0,0,0,0,0
10603,200,9,0,0,0,0,0,0,0,0,30,50,0,0,0,0,0,0,0,0,0,0,0,0,0,0,0,0,0,0,0,0,0
10604,200,10,0,0,0,0,0,0,0,0,60,100,0,0,0,0,0,0,0,0,0,0,0,0,0,0,0,0,0,0,0,0,0
10605,200,11,0,0,0,0,0,0,0,0,120,200,0,0,0,0,0,0,0,0,0,0,0,0,0,0,0,0,0,0,0,0,0
10606,200,12,0,0,0,0,0,0,0,0,240,400,0,0,0,0,0,0,0,0,0,0,0,0,0,0,0,0,0,0,0,0,0
10607,202,40,0,0,0,0,0,0,0,0,40,80,0,0,0,0,0,0,0,0,0,0,0,0,0,0,0,0,0,0,0,0,0
,,,,,,,,,,,,,,,,,,,,,,,,,,,,,,,,,
10700,200,3,0,0,0,0,0,0,0,0,0,0,0,0,0,0,0,0,0,0,0,0,0,0,0,0,0,0,0,0,0,4,0
10701,200,5,0,0,0,0,0,0,12,20,0,0,0,0,0,0,0,0,0,0,0,0,0,0,0,0,0,0,0,0,0,0,0
10702,200,7,0,0,0,0,18,30,0,0,0,0,0,0,0,0,0,0,0,0,0,0,0,0,0,0,0,0,0,0,0,0,0
10703,200,9,0,0,0,0,0,0,0,0,0,0,30,50,0,0,0,0,0,0,0,0,0,0,0,0,0,0,0,0,0,0,0
10704,200,10,0,0,0,0,0,0,0,0,0,0,60,100,0,0,0,0,0,0,0,0,0,0,0,0,0,0,0,0,0,0,0
10705,200,11,0,0,0,0,0,0,0,0,0,0,120,200,0,0,0,0,0,0,0,0,0,0,0,0,0,0,0,0,0,0,0
10706,200,12,0,0,0,0,0,0,0,0,0,0,240,400,0,0,0,0,0,0,0,0,0,0,0,0,0,0,0,0,0,0,0
10707,202,40,0,0,0,0,0,0,0,0,0,0,40,80,0,0,0,0,0,0,0,0,0,0,0,0,0,0,0,0,0,0,0
,,,,,,,,,,,,,,,,,,,,,,,,,,,,,,,,,
10800,200,3,0,0,0,0,0,0,0,0,0,0,0,0,0,0,0,0,0,0,0,0,0,0,0,0,0,0,0,0,0,4,0
10801,200,5,0,0,0,0,0,0,12,20,0,0,0,0,0,0,0,0,0,0,0,0,0,0,0,0,0,0,0,0,0,0,0
10802,200,7,0,0,0,0,18,30,0,0,0,0,0,0,0,0,0,0,0,0,0,0,0,0,0,0,0,0,0,0,0,0,0
10803,200,9,0,0,0,0,0,0,0,0,0,0,0,0,30,50,0,0,0,0,0,0,0,0,0,0,0,0,0,0,0,0,0
10804,200,10,0,0,0,0,0,0,0,0,0,0,0,0,60,100,0,0,0,0,0,0,0,0,0,0,0,0,0,0,0,0,0
10805,200,11,0,0,0,0,0,0,0,0,0,0,0,0,120,200,0,0,0,0,0,0,0,0,0,0,0,0,0,0,0,0,0
10806,200,12,0,0,0,0,0,0,0,0,0,0,0,0,240,400,0,0,0,0,0,0,0,0,0,0,0,0,0,0,0,0,0
10807,202,40,0,0,0,0,0,0,0,0,0,0,0,0,40,80,0,0,0,0,0,0,0,0,0,0,0,0,0,0,0,0,0
,,,,,,,,,,,,,,,,,,,,,,,,,,,,,,,,,
10900,200,3,0,0,0,0,0,0,0,0,0,0,0,0,0,0,0,0,0,0,0,0,0,0,0,0,0,0,0,0,0,2,0
10901,200,5,0,0,0,0,0,0,6,10,0,0,0,0,0,0,0,0,0,0,0,0,0,0,0,0,0,0,0,0,0,0,0
10902,200,7,0,0,0,0,12,20,0,0,0,0,0,0,0,0,0,0,0,0,0,0,0,0,0,0,0,0,0,0,0,0,0
10903,200,9,0,0,0,0,0,0,0,0,30,50,0,0,0,0,0,0,0,0,0,0,0,0,0,0,0,0,0,0,0,0,0
,,,,,,,,,,,,,,,,,,,,,,,,,,,,,,,,,
11000,200,3,0,0,0,0,0,0,0,0,0,0,0,0,0,0,0,0,0,0,0,0,0,0,0,0,0,0,0,0,0,2,0
11001,200,5,0,0,0,0,0,0,6,10,0,0,0,0,0,0,0,0,0,0,0,0,0,0,0,0,0,0,0,0,0,0,0
11002,200,7,0,0,0,0,12,20,0,0,0,0,0,0,0,0,0,0,0,0,0,0,0,0,0,0,0,0,0,0,0,0,0
11003,200,9,0,0,0,0,0,0,0,0,0,0,30,50,0,0,0,0,0,0,0,0,0,0,0,0,0,0,0,0,0,0,0
,,,,,,,,,,,,,,,,,,,,,,,,,,,,,,,,,
11100,200,3,0,0,0,0,0,0,0,0,0,0,0,0,0,0,0,0,0,0,0,0,0,0,0,0,0,0,0,0,0,2,0
11101,200,5,0,0,0,0,0,0,6,10,0,0,0,0,0,0,0,0,0,0,0,0,0,0,0,0,0,0,0,0,0,0,0
11102,200,7,0,0,0,0,12,20,0,0,0,0,0,0,0,0,0,0,0,0,0,0,0,0,0,0,0,0,0,0,0,0,0
11103,200,9,0,0,0,0,0,0,0,0,0,0,0,0,30,50,0,0,0,0,0,0,0,0,0,0,0,0,0,0,0,0,0
,,,,,,,,,,,,,,,,,,,,,,,,,,,,,,,,,
11200,200,3,0,0,0,0,0,0,0,0,0,0,0,0,0,0,0,0,0,0,0,0,0,0,0,0,0,0,0,200,0,5,0
11201,200,5,0,0,0,0,0,0,18,30,0,0,0,0,0,0,0,0,0,0,0,0,0,0,0,0,0,0,0,400,0,0,0
11202,200,7,0,0,0,0,20,40,0,0,0,0,0,0,0,0,0,0,0,0,0,0,0,0,0,0,0,0,0,800,0,0,0
11203,200,9,0,0,0,0,0,0,0,0,30,60,0,0,0,0,0,0,0,0,0,0,0,0,0,0,0,0,0,1200,0,0,0
11204,200,10,0,0,0,0,0,0,0,0,60,120,0,0,0,0,0,0,0,0,0,0,0,0,0,0,0,0,0,1600,0,0,0
11205,200,11,0,0,0,0,0,0,0,0,120,200,0,0,0,0,0,0,0,0,0,0,0,0,0,0,0,0,0,0,0,0,0
11206,200,12,0,0,0,0,0,0,0,0,240,400,0,0,0,0,0,0,0,0,0,0,0,0,0,0,0,0,0,0,0,0,0
11207,202,60,0,0,0,0,0,0,0,0,60,120,0,0,0,0,0,0,0,0,0,0,0,0,0,0,0,0,0,0,0,0,0
,,,,,,,,,,,,,,,,,,,,,,,,,,,,,,,,,
11300,200,3,0,0,0,0,0,0,0,0,0,0,0,0,0,0,0,0,0,0,0,0,0,0,0,0,0,0,0,100,0,5,0
11301,200,5,0,0,0,0,0,0,18,30,0,0,0,0,0,0,0,0,0,0,0,0,0,0,0,0,0,0,0,200,0,0,0
11302,200,7,0,0,0,0,20,40,0,0,0,0,0,0,0,0,0,0,0,0,0,0,0,0,0,0,0,0,0,400,0,0,0
11303,200,9,0,0,0,0,0,0,0,0,0,0,30,60,0,0,0,0,0,0,0,0,0,0,0,0,0,0,0,600,0,0,0
11304,200,10,0,0,0,0,0,0,0,0,0,0,60,120,0,0,0,0,0,0,0,0,0,0,0,0,0,0,0,800,0,0,0
11305,200,11,0,0,0,0,0,0,0,0,0,0,120,200,0,0,0,0,0,0,0,0,0,0,0,0,0,0,0,0,0,0,0
11306,200,12,0,0,0,0,0,0,0,0,0,0,240,400,0,0,0,0,0,0,0,0,0,0,0,0,0,0,0,0,0,0,0
11307,202,60,0,0,0,0,0,0,0,0,0,0,60,120,0,0,0,0,0,0,0,0,0,0,0,0,0,0,0,0,0,0,0
,,,,,,,,,,,,,,,,,,,,,,,,,,,,,,,,,
11400,200,3,0,0,0,0,0,0,0,0,0,0,0,0,0,0,0,0,0,0,0,0,0,0,0,0,0,0,0,150,0,5,0
11401,200,5,0,0,0,0,0,0,18,30,0,0,0,0,0,0,0,0,0,0,0,0,0,0,0,0,0,0,0,300,0,0,0
11402,200,7,0,0,0,0,20,40,0,0,0,0,0,0,0,0,0,0,0,0,0,0,0,0,0,0,0,0,0,600,0,0,0
11403,200,9,0,0,0,0,0,0,0,0,0,0,0,0,30,60,0,0,0,0,0,0,0,0,0,0,0,0,0,900,0,0,0
11404,200,10,0,0,0,0,0,0,0,0,0,0,0,0,60,120,0,0,0,0,0,0,0,0,0,0,0,0,0,1200,0,0,0
11405,200,11,0,0,0,0,0,0,0,0,0,0,0,0,120,200,0,0,0,0,0,0,0,0,0,0,0,0,0,0,0,0,0
11406,200,12,0,0,0,0,0,0,0,0,0,0,0,0,240,400,0,0,0,0,0,0,0,0,0,0,0,0,0,0,0,0,0
11407,202,60,0,0,0,0,0,0,0,0,0,0,0,0,60,120,0,0,0,0,0,0,0,0,0,0,0,0,0,0,0,0,0
,,,,,,,,,,,,,,,,,,,,,,,,,,,,,,,,,
11500,200,3,0,0,0,0,0,0,0,0,0,0,0,0,0,0,0,0,0,0,0,0,0,0,0,0,0,0,0,0,0,4,0
11501,200,5,0,0,0,0,0,0,12,20,0,0,0,0,0,0,0,0,0,0,0,0,0,0,0,0,0,0,0,0,0,0,0
11502,200,7,0,0,0,0,18,30,0,0,0,0,0,0,0,0,0,0,0,0,0,0,0,0,0,0,0,0,0,0,0,0,0
11503,200,9,0,0,0,0,0,0,0,0,30,50,30,50,30,50,0,0,0,0,0,0,0,0,0,0,0,0,0,0,0,0,0
11504,200,10,0,0,0,0,0,0,0,0,60,100,60,100,60,100,0,0,0,0,0,0,0,0,0,0,0,0,0,0,0,0,0
,,,,,,,,,,,,,,,,,,,,,,,,,,,,,,,,,
11600,200,3,0,0,0,0,0,0,0,0,0,0,0,0,0,0,0,0,0,0,0,0,0,0,0,0,0,0,0,0,0,5,0
11601,200,5,0,0,0,0,0,0,12,20,0,0,0,0,0,0,0,0,0,0,0,0,0,0,0,0,0,0,0,0,0,0,0
11602,200,7,0,0,0,0,18,30,0,0,0,0,0,0,0,0,0,0,0,0,0,0,0,0,0,0,0,0,0,0,0,0,0
11603,200,9,0,0,0,0,0,0,0,0,30,50,30,50,30,50,0,0,0,0,0,0,0,0,0,0,0,0,0,0,0,0,0
11604,200,10,0,0,0,0,0,0,0,0,60,100,60,100,60,100,0,0,0,0,0,0,0,0,0,0,0,0,0,0,0,0,0
11605,200,11,0,0,0,0,0,0,0,0,120,200,120,200,120,200,0,0,0,0,0,0,0,0,0,0,0,0,0,0,0,0,0
11606,200,12,0,0,0,0,0,0,0,0,240,400,240,400,240,400,0,0,0,0,0,0,0,0,0,0,0,0,0,0,0,0,0
,,,,,,,,,,,,,,,,,,,,,,,,,,,,,,,,,
11700,200,3,0,0,0,0,0,0,0,0,0,0,0,0,0,0,0,0,0,0,0,0,0,0,0,0,0,0,0,0,0,3,0
11701,200,5,0,0,0,0,0,0,12,20,0,0,0,0,0,0,0,0,0,0,0,0,0,0,0,0,0,0,0,0,0,0,0
11702,200,7,0,0,0,0,18,30,0,0,0,0,0,0,0,0,0,0,0,0,0,0,0,0,0,0,0,0,0,0,0,0,0
11703,200,9,0,0,0,0,0,0,0,0,30,50,30,50,30,50,0,0,0,0,0,0,0,0,0,0,0,0,0,0,0,0,0
11704,200,10,0,0,0,0,0,0,0,0,60,100,60,100,60,100,0,0,0,0,0,0,0,0,0,0,0,0,0,0,0,0,0
,,,,,,,,,,,,,,,,,,,,,,,,,,,,,,,,,
11800,200,3,0,0,0,0,0,0,0,0,0,0,0,0,0,0,0,0,0,0,0,0,0,0,0,0,0,0,0,100,0,4,0
11801,200,5,0,0,0,0,0,0,18,30,0,0,0,0,0,0,0,0,0,0,0,0,0,0,0,0,0,0,0,200,0,0,0
11802,200,7,0,0,0,0,20,40,0,0,0,0,0,0,0,0,0,0,0,0,0,0,0,0,0,0,0,0,0,400,0,0,0
11803,200,9,0,0,0,0,0,0,0,0,30,60,0,0,0,0,0,0,0,0,0,0,0,0,0,0,0,0,0,600,0,0,0
11804,200,10,0,0,0,0,0,0,0,0,60,120,0,0,0,0,0,0,0,0,0,0,0,0,0,0,0,0,0,800,0,0,0
11805,202,60,0,0,0,0,0,0,0,0,60,120,0,0,0,0,0,0,0,0,0,0,0,0,0,0,0,0,0,0,0,0,0
,,,,,,,,,,,,,,,,,,,,,,,,,,,,,,,,,
11900,200,3,0,0,0,0,0,0,0,0,0,0,0,0,0,0,0,0,0,0,0,0,0,0,0,0,0,0,0,50,0,4,0
11901,200,5,0,0,0,0,0,0,18,30,0,0,0,0,0,0,0,0,0,0,0,0,0,0,0,0,0,0,0,100,0,0,0
11902,200,7,0,0,0,0,20,40,0,0,0,0,0,0,0,0,0,0,0,0,0,0,0,0,0,0,0,0,0,200,0,0,0
11903,200,9,0,0,0,0,0,0,0,0,0,0,30,60,0,0,0,0,0,0,0,0,0,0,0,0,0,0,0,300,0,0,0
11904,200,10,0,0,0,0,0,0,0,0,0,0,60,120,0,0,0,0,0,0,0,0,0,0,0,0,0,0,0,400,0,0,0
11905,202,60,0,0,0,0,0,0,0,0,0,0,60,120,0,0,0,0,0,0,0,0,0,0,0,0,0,0,0,0,0,0,0
,,,,,,,,,,,,,,,,,,,,,,,,,,,,,,,,,
12000,200,3,0,0,0,0,0,0,0,0,0,0,0,0,0,0,0,0,0,0,0,0,0,0,0,0,0,0,0,75,0,4,0
12001,200,5,0,0,0,0,0,0,18,30,0,0,0,0,0,0,0,0,0,0,0,0,0,0,0,0,0,0,0,150,0,0,0
12002,200,7,0,0,0,0,20,40,0,0,0,0,0,0,0,0,0,0,0,0,0,0,0,0,0,0,0,0,0,300,0,0,0
12003,200,9,0,0,0,0,0,0,0,0,0,0,0,0,30,60,0,0,0,0,0,0,0,0,0,0,0,0,0,450,0,0,0
12004,200,10,0,0,0,0,0,0,0,0,0,0,0,0,60,120,0,0,0,0,0,0,0,0,0,0,0,0,0,600,0,0,0
12005,202,60,0,0,0,0,0,0,0,0,0,0,0,0,60,120,0,0,0,0,0,0,0,0,0,0,0,0,0,0,0,0,0
,,,,,,,,,,,,,,,,,,,,,,,,,,,,,,,,,
12100,200,3,0,0,0,0,0,0,0,0,0,0,0,0,0,0,0,0,0,0,0,0,0,0,0,0,0,0,0,0,0,1,0
12101,200,5,0,0,0,0,0,0,6,10,0,0,0,0,0,0,0,0,0,0,0,0,0,0,0,0,0,0,0,0,0,0,0
12102,200,7,0,0,0,0,12,20,0,0,0,0,0,0,0,0,0,0,0,0,0,0,0,0,0,0,0,0,0,0,0,0,0
12103,200,9,0,0,0,0,0,0,0,0,30,50,30,50,30,50,0,0,0,0,0,0,0,0,0,0,0,0,0,0,0,0,0
,,,,,,,,,,,,,,,,,,,,,,,,,,,,,,,,,
12200,200,3,0,0,0,0,0,0,0,0,0,0,0,0,0,0,0,0,0,0,0,0,0,0,0,0,0,0,0,0,0,2,0
12201,200,5,0,0,0,0,0,0,6,10,0,0,0,0,0,0,0,0,0,0,0,0,0,0,0,0,0,0,0,0,0,0,0
12202,200,7,0,0,0,0,12,20,0,0,0,0,0,0,0,0,0,0,0,0,0,0,0,0,0,0,0,0,0,0,0,0,0
12203,200,9,0,0,0,0,0,0,0,0,30,50,30,50,30,50,0,0,0,0,0,0,0,0,0,0,0,0,0,0,0,0,0
,,,,,,,,,,,,,,,,,,,,,,,,,,,,,,,,,
12300,200,3,0,0,0,0,0,0,0,0,0,0,0,0,0,0,0,0,0,0,0,0,0,0,0,0,0,0,0,0,0,3,0
12301,200,5,0,0,0,0,0,0,12,20,0,0,0,0,0,0,0,0,0,0,0,0,0,0,0,0,0,0,0,0,0,0,0
12302,200,7,0,0,0,0,18,30,0,0,0,0,0,0,0,0,0,0,0,0,0,0,0,0,0,0,0,0,0,0,0,0,0
12303,200,9,0,0,0,0,0,0,0,0,30,50,30,50,30,50,0,0,0,0,0,0,0,0,0,0,0,0,0,0,0,0,0
12304,200,10,0,0,0,0,0,0,0,0,60,100,60,100,60,100,0,0,0,0,0,0,0,0,0,0,0,0,0,0,0,0,0
,,,,,,,,,,,,,,,,,,,,,,,,,,,,,,,,,
12400,200,3,0,0,0,0,0,0,0,0,0,0,0,0,0,0,0,0,0,0,0,0,0,0,0,0,0,0,0,0,0,4,0
12401,200,5,0,0,0,0,0,0,18,30,0,0,0,0,0,0,0,0,0,0,0,0,0,0,0,0,0,0,0,0,0,0,0
12402,200,7,0,0,0,0,20,40,0,0,0,0,0,0,0,0,0,0,0,0,0,0,0,0,0,0,0,0,0,0,0,0,0
12403,200,9,0,0,0,0,0,0,0,0,30,50,30,50,30,50,0,0,0,0,0,0,0,0,0,0,0,0,0,0,0,0,0
12404,200,10,0,0,0,0,0,0,0,0,60,100,60,100,60,100,0,0,0,0,0,0,0,0,0,0,0,0,0,0,0,0,0
12405,200,11,0,0,0,0,0,0,0,0,120,200,120,200,120,200,0,0,0,0,0,0,0,0,0,0,0,0,0,0,0,0,0
12406,200,12,0,0,0,0,0,0,0,0,240,400,240,400,240,400,0,0,0,0,0,0,0,0,0,0,0,0,0,0,0,0,0
,,,,,,,,,,,,,,,,,,,,,,,,,,,,,,,,,
12500,200,3,0,0,0,0,0,0,0,0,0,0,0,0,0,0,0,0,0,0,0,0,0,0,0,0,0,0,0,200,0,5,0
12501,200,5,0,0,0,0,0,0,18,30,0,0,0,0,0,0,0,0,0,0,0,0,0,0,0,0,0,0,0,400,0,0,0
12502,200,7,0,0,0,0,20,40,0,0,0,0,0,0,0,0,0,0,0,0,0,0,0,0,0,0,0,0,0,800,0,0,0
12503,200,9,0,0,0,0,0,0,0,0,30,60,0,0,0,0,0,0,0,0,0,0,0,0,0,0,0,0,0,1200,0,0,0
12504,200,10,0,0,0,0,0,0,0,0,60,120,0,0,0,0,0,0,0,0,0,0,0,0,0,0,0,0,0,1600,0,0,0
12505,200,11,0,0,0,0,0,0,0,0,120,200,0,0,0,0,0,0,0,0,0,0,0,0,0,0,0,0,0,0,0,0,0
12506,200,12,0,0,0,0,0,0,0,0,240,400,0,0,0,0,0,0,0,0,0,0,0,0,0,0,0,0,0,0,0,0,0
12507,202,60,0,0,0,0,0,0,0,0,60,120,0,0,0,0,0,0,0,0,0,0,0,0,0,0,0,0,0,0,0,0,0
12508,202,70,0,0,0,0,0,0,0,0,120,200,0,0,0,0,0,0,0,0,0,0,0,0,0,0,0,0,0,0,0,0,0
,,,,,,,,,,,,,,,,,,,,,,,,,,,,,,,,,
12600,200,3,0,0,0,0,0,0,0,0,0,0,0,0,0,0,0,0,0,0,0,0,0,0,0,0,0,0,0,100,0,5,0
12601,200,5,0,0,0,0,0,0,18,30,0,0,0,0,0,0,0,0,0,0,0,0,0,0,0,0,0,0,0,200,0,0,0
12602,200,7,0,0,0,0,20,40,0,0,0,0,0,0,0,0,0,0,0,0,0,0,0,0,0,0,0,0,0,400,0,0,0
12603,200,9,0,0,0,0,0,0,0,0,0,0,30,60,0,0,0,0,0,0,0,0,0,0,0,0,0,0,0,600,0,0,0
12604,200,10,0,0,0,0,0,0,0,0,0,0,60,120,0,0,0,0,0,0,0,0,0,0,0,0,0,0,0,800,0,0,0
12605,200,11,0,0,0,0,0,0,0,0,0,0,120,200,0,0,0,0,0,0,0,0,0,0,0,0,0,0,0,0,0,0,0
12606,200,12,0,0,0,0,0,0,0,0,0,0,240,400,0,0,0,0,0,0,0,0,0,0,0,0,0,0,0,0,0,0,0
12607,202,60,0,0,0,0,0,0,0,0,0,0,60,120,0,0,0,0,0,0,0,0,0,0,0,0,0,0,0,0,0,0,0
12608,202,70,0,0,0,0,0,0,0,0,0,0,120,200,0,0,0,0,0,0,0,0,0,0,0,0,0,0,0,0,0,0,0
,,,,,,,,,,,,,,,,,,,,,,,,,,,,,,,,,
12700,200,3,0,0,0,0,0,0,0,0,0,0,0,0,0,0,0,0,0,0,0,0,0,0,0,0,0,0,0,150,0,5,0
12701,200,5,0,0,0,0,0,0,18,30,0,0,0,0,0,0,0,0,0,0,0,0,0,0,0,0,0,0,0,300,0,0,0
12702,200,7,0,0,0,0,20,40,0,0,0,0,0,0,0,0,0,0,0,0,0,0,0,0,0,0,0,0,0,600,0,0,0
12703,200,9,0,0,0,0,0,0,0,0,0,0,0,0,30,60,0,0,0,0,0,0,0,0,0,0,0,0,0,900,0,0,0
12704,200,10,0,0,0,0,0,0,0,0,0,0,0,0,60,120,0,0,0,0,0,0,0,0,0,0,0,0,0,1200,0,0,0
12705,200,11,0,0,0,0,0,0,0,0,0,0,0,0,120,200,0,0,0,0,0,0,0,0,0,0,0,0,0,0,0,0,0
12706,200,12,0,0,0,0,0,0,0,0,0,0,0,0,240,400,0,0,0,0,0,0,0,0,0,0,0,0,0,0,0,0,0
12707,202,60,0,0,0,0,0,0,0,0,0,0,0,0,60,120,0,0,0,0,0,0,0,0,0,0,0,0,0,0,0,0,0
12708,202,70,0,0,0,0,0,0,0,0,0,0,0,0,120,200,0,0,0,0,0,0,0,0,0,0,0,0,0,0,0,0,0
,,,,,,,,,,,,,,,,,,,,,,,,,,,,,,,,,
12800,200,3,0,0,0,0,0,0,0,0,0,0,0,0,0,0,0,0,0,0,0,0,0,0,0,0,0,0,0,200,0,5,0
12801,200,5,0,0,0,0,0,0,18,30,0,0,0,0,0,0,0,0,0,0,0,0,0,0,0,0,0,0,0,400,0,0,0
12802,200,7,0,0,0,0,20,40,0,0,0,0,0,0,0,0,0,0,0,0,0,0,0,0,0,0,0,0,0,800,0,0,0
12803,200,9,0,0,0,0,0,0,0,0,30,60,0,0,0,0,0,0,0,0,0,0,0,0,0,0,0,0,0,1200,0,0,0
12804,200,10,0,0,0,0,0,0,0,0,60,120,0,0,0,0,0,0,0,0,0,0,0,0,0,0,0,0,0,1600,0,0,0
12805,200,11,0,0,0,0,0,0,0,0,120,200,0,0,0,0,0,0,0,0,0,0,0,0,0,0,0,0,0,0,0,0,0
12806,200,12,0,0,0,0,0,0,0,0,240,400,0,0,0,0,0,0,0,0,0,0,0,0,0,0,0,0,0,0,0,0,0
12807,200,13,0,0,0,0,0,0,0,0,360,600,0,0,0,0,0,0,0,0,0,0,0,0,0,0,0,0,0,0,0,0,0
12808,200,14,0,0,0,0,0,0,0,0,600,1000,0,0,0,0,0,0,0,0,0,0,0,0,0,0,0,0,0,0,0,0,0
12809,202,60,0,0,0,0,0,0,0,0,60,120,0,0,0,0,0,0,0,0,0,0,0,0,0,0,0,0,0,0,0,0,0
12810,202,70,0,0,0,0,0,0,0,0,120,200,0,0,0,0,0,0,0,0,0,0,0,0,0,0,0,0,0,0,0,0,0
12811,202,80,0,0,0,0,0,0,0,0,180,300,0,0,0,0,0,0,0,0,0,0,0,0,0,0,0,0,0,0,0,0,0
,,,,,,,,,,,,,,,,,,,,,,,,,,,,,,,,,
12900,200,3,0,0,0,0,0,0,0,0,0,0,0,0,0,0,0,0,0,0,0,0,0,0,0,0,0,0,0,100,0,5,0
12901,200,5,0,0,0,0,0,0,18,30,0,0,0,0,0,0,0,0,0,0,0,0,0,0,0,0,0,0,0,200,0,0,0
12902,200,7,0,0,0,0,20,40,0,0,0,0,0,0,0,0,0,0,0,0,0,0,0,0,0,0,0,0,0,400,0,0,0
12903,200,9,0,0,0,0,0,0,0,0,0,0,30,60,0,0,0,0,0,0,0,0,0,0,0,0,0,0,0,600,0,0,0
12904,200,10,0,0,0,0,0,0,0,0,0,0,60,120,0,0,0,0,0,0,0,0,0,0,0,0,0,0,0,800,0,0,0
12905,200,11,0,0,0,0,0,0,0,0,0,0,120,200,0,0,0,0,0,0,0,0,0,0,0,0,0,0,0,0,0,0,0
12906,200,12,0,0,0,0,0,0,0,0,0,0,240,400,0,0,0,0,0,0,0,0,0,0,0,0,0,0,0,0,0,0,0
12907,200,13,0,0,0,0,0,0,0,0,0,0,360,600,0,0,0,0,0,0,0,0,0,0,0,0,0,0,0,0,0,0,0
12908,200,14,0,0,0,0,0,0,0,0,0,0,600,1000,0,0,0,0,0,0,0,0,0,0,0,0,0,0,0,0,0,0,0
12909,202,60,0,0,0,0,0,0,0,0,0,0,60,120,0,0,0,0,0,0,0,0,0,0,0,0,0,0,0,0,0,0,0
12910,202,70,0,0,0,0,0,0,0,0,0,0,120,200,0,0,0,0,0,0,0,0,0,0,0,0,0,0,0,0,0,0,0
12911,202,80,0,0,0,0,0,0,0,0,0,0,180,300,0,0,0,0,0,0,0,0,0,0,0,0,0,0,0,0,0,0,0
,,,,,,,,,,,,,,,,,,,,,,,,,,,,,,,,,
13000,200,3,0,0,0,0,0,0,0,0,0,0,0,0,0,0,0,0,0,0,0,0,0,0,0,0,0,0,0,150,0,5,0
13001,200,5,0,0,0,0,0,0,18,30,0,0,0,0,0,0,0,0,0,0,0,0,0,0,0,0,0,0,0,300,0,0,0
13002,200,7,0,0,0,0,20,40,0,0,0,0,0,0,0,0,0,0,0,0,0,0,0,0,0,0,0,0,0,600,0,0,0
13003,200,9,0,0,0,0,0,0,0,0,0,0,0,0,30,60,0,0,0,0,0,0,0,0,0,0,0,0,0,900,0,0,0
13004,200,10,0,0,0,0,0,0,0,0,0,0,0,0,60,120,0,0,0,0,0,0,0,0,0,0,0,0,0,1200,0,0,0
13005,200,11,0,0,0,0,0,0,0,0,0,0,0,0,120,200,0,0,0,0,0,0,0,0,0,0,0,0,0,0,0,0,0
13006,200,12,0,0,0,0,0,0,0,0,0,0,0,0,240,400,0,0,0,0,0,0,0,0,0,0,0,0,0,0,0,0,0
13007,200,13,0,0,0,0,0,0,0,0,0,0,0,0,360,600,0,0,0,0,0,0,0,0,0,0,0,0,0,0,0,0,0
13008,200,14,0,0,0,0,0,0,0,0,0,0,0,0,600,1000,0,0,0,0,0,0,0,0,0,0,0,0,0,0,0,0,0
13009,202,60,0,0,0,0,0,0,0,0,0,0,0,0,60,120,0,0,0,0,0,0,0,0,0,0,0,0,0,0,0,0,0
13010,202,70,0,0,0,0,0,0,0,0,0,0,0,0,120,200,0,0,0,0,0,0,0,0,0,0,0,0,0,0,0,0,0
13011,202,80,0,0,0,0,0,0,0,0,0,0,0,0,180,300,0,0,0,0,0,0,0,0,0,0,0,0,0,0,0,0,0
,,,,,,,,,,,,,,,,,,,,,,,,,,,,,,,,,
13100,200,3,0,0,0,0,0,0,0,0,0,0,0,0,0,0,0,0,0,0,0,0,0,0,0,0,0,0,0,0,0,5,0
13101,200,5,0,0,0,0,0,0,12,20,0,0,0,0,0,0,0,0,0,0,0,0,0,0,0,0,0,0,0,0,0,0,0
13102,200,7,0,0,0,0,18,30,0,0,0,0,0,0,0,0,0,0,0,0,0,0,0,0,0,0,0,0,0,0,0,0,0
13103,200,9,0,0,0,0,0,0,0,0,30,50,0,0,0,0,0,0,0,0,0,0,0,0,0,0,0,0,0,0,0,0,0
13104,200,10,0,0,0,0,0,0,0,0,60,100,0,0,0,0,0,0,0,0,0,0,0,0,0,0,0,0,0,0,0,0,0
13105,200,11,0,0,0,0,0,0,0,0,120,200,0,0,0,0,0,0,0,0,0,0,0,0,0,0,0,0,0,0,0,0,0
13106,200,12,0,0,0,0,0,0,0,0,240,400,0,0,0,0,0,0,0,0,0,0,0,0,0,0,0,0,0,0,0,0,0
13107,200,13,0,0,0,0,0,0,0,0,360,600,0,0,0,0,0,0,0,0,0,0,0,0,0,0,0,0,0,0,0,0,0
13108,200,14,0,0,0,0,0,0,0,0,600,1000,0,0,0,0,0,0,0,0,0,0,0,0,0,0,0,0,0,0,0,0,0
13109,202,40,0,0,0,0,0,0,0,0,40,80,0,0,0,0,0,0,0,0,0,0,0,0,0,0,0,0,0,0,0,0,0
,,,,,,,,,,,,,,,,,,,,,,,,,,,,,,,,,
13200,200,3,0,0,0,0,0,0,0,0,0,0,0,0,0,0,0,0,0,0,0,0,0,0,0,0,0,0,0,0,0,5,0
13201,200,5,0,0,0,0,0,0,12,20,0,0,0,0,0,0,0,0,0,0,0,0,0,0,0,0,0,0,0,0,0,0,0
13202,200,7,0,0,0,0,18,30,0,0,0,0,0,0,0,0,0,0,0,0,0,0,0,0,0,0,0,0,0,0,0,0,0
13203,200,9,0,0,0,0,0,0,0,0,0,0,30,50,0,0,0,0,0,0,0,0,0,0,0,0,0,0,0,0,0,0,0
13204,200,10,0,0,0,0,0,0,0,0,0,0,60,100,0,0,0,0,0,0,0,0,0,0,0,0,0,0,0,0,0,0,0
13205,200,11,0,0,0,0,0,0,0,0,0,0,120,200,0,0,0,0,0,0,0,0,0,0,0,0,0,0,0,0,0,0,0
13206,200,12,0,0,0,0,0,0,0,0,0,0,240,400,0,0,0,0,0,0,0,0,0,0,0,0,0,0,0,0,0,0,0
13207,200,13,0,0,0,0,0,0,0,0,0,0,360,600,0,0,0,0,0,0,0,0,0,0,0,0,0,0,0,0,0,0,0
13208,200,14,0,0,0,0,0,0,0,0,0,0,600,1000,0,0,0,0,0,0,0,0,0,0,0,0,0,0,0,0,0,0,0
13209,202,40,0,0,0,0,0,0,0,0,0,0,40,80,0,0,0,0,0,0,0,0,0,0,0,0,0,0,0,0,0,0,0
,,,,,,,,,,,,,,,,,,,,,,,,,,,,,,,,,
13300,200,3,0,0,0,0,0,0,0,0,0,0,0,0,0,0,0,0,0,0,0,0,0,0,0,0,0,0,0,0,0,5,0
13301,200,5,0,0,0,0,0,0,12,20,0,0,0,0,0,0,0,0,0,0,0,0,0,0,0,0,0,0,0,0,0,0,0
13302,200,7,0,0,0,0,18,30,0,0,0,0,0,0,0,0,0,0,0,0,0,0,0,0,0,0,0,0,0,0,0,0,0
13303,200,9,0,0,0,0,0,0,0,0,0,0,0,0,30,50,0,0,0,0,0,0,0,0,0,0,0,0,0,0,0,0,0
13304,200,10,0,0,0,0,0,0,0,0,0,0,0,0,60,100,0,0,0,0,0,0,0,0,0,0,0,0,0,0,0,0,0
13305,200,11,0,0,0,0,0,0,0,0,0,0,0,0,120,200,0,0,0,0,0,0,0,0,0,0,0,0,0,0,0,0,0
13306,200,12,0,0,0,0,0,0,0,0,0,0,0,0,240,400,0,0,0,0,0,0,0,0,0,0,0,0,0,0,0,0,0
13307,200,13,0,0,0,0,0,0,0,0,0,0,0,0,360,600,0,0,0,0,0,0,0,0,0,0,0,0,0,0,0,0,0
13308,200,14,0,0,0,0,0,0,0,0,0,0,0,0,600,1000,0,0,0,0,0,0,0,0,0,0,0,0,0,0,0,0,0
13309,202,40,0,0,0,0,0,0,0,0,0,0,0,0,40,80,0,0,0,0,0,0,0,0,0,0,0,0,0,0,0,0,0
