#v101,,,,,,,,,,,,,,,,,,,
#状态编号,名称,等级,素材id,生命上限,魔法上限,物理防御,,魔法防御,,物理攻击,,魔法攻击,,道术攻击,,无视防御,暴击几率,暴击伤害,战力
#,,lv,,HPMAX,MPMAX,AC,ACMAX,MAC,MACMAX,DC,DCMAX,MC,MCMAX,SC,SCMAX,nodef,baoji,baoji,fight
#,,,,,,,,,,,,,,,,,,,
#0,魔法盾,1,0,,,,,,,,,,,,,,,,
#1,隐身,1,0,,,,,,,,,,,,,,,,
#2,幽灵盾,1,0,,,,,,,,,,,,,,,,
#3,神圣战甲术,1,0,,,,,,,,,,,,,,,,
#4,中毒伤血,1,0,,,,,,,,,,,,,,,,
#5,中毒降防,1,0,,,,,,,,,,,,,,,,
#6,回血,1,0,,,,,,,,,,,,,,,,
#7,多倍经验,1,0,,,,,,,,,,,,,,,,
#8,物理防御,1,0,,,,,,,,,,,,,,,,
#9,魔法防御,1,0,,,,,,,,,,,,,,,,
#10,物理攻击,1,0,,,,,,,,,,,,,,,,
#11,魔法攻击,1,0,,,,,,,,,,,,,,,,
#12,道术攻击,1,0,,,,,,,,,,,,,,,,
#13,装备掉落几率,1,0,,,,,,,,,,,,,,,,
#14,泡点,1,0,,,,,,,,,,,,,,,,
#15,无敌,1,0,,,,,,,,,,,,,,,,
#16,全体隐身,1,0,,,,,,,,,,,,,,,,
#17,不掉落装备,1,0,,,,,,,,,,,,,,,,
#18,不加pk值,1,0,,,,,,,,,,,,,,,,
#19,七彩丹,1,0,,,,,,,,,,,,,,,,
#20,麻痹,1,0,,,,,,,,,,,,,,,,
#21,元神护体,1,0,,,,,,,,,,,,,,,,
#22,霸气护体,1,0,,,,,,,,,,,,,,,,
#23,加血,1,0,,,,,,,,,,,,,,,,
#24,加魔,1,0,,,,,,,,,,,,,,,,
#25,天神护体,1,0,,,,,,,,,,,,,,,,
#26,神威,1,0,,,,,,,,,,,,,,,,
#27,至尊,1,0,,,,,,,,,,,,,,,,
#28,夫妻同心,1,0,,,,,,,,,,,,,,,,
#29,玄天正气,1,0,,,,,,,,,,,,,,,,
#30,心法1,1,0,,,,,,,,,,,,,,,,
#31,心法2,1,0,,,,,,,,,,,,,,,,
#32,武林盟主,1,0,,,,,,,,,,,,,,,,
#33,转生状态,1,0,,,,,,,,,,,,,,,,
#34,VIP状态,1,0,,,,,,,,,,,,,,,,
#35,坐骑状态,1,0,,,,,,,,,,,,,,,,
#36,官职状态,1,0,,,,,,,,,,,,,,,,
37,红钻状态,1,3176,0,0,3,5,2,3,6,10,6,10,6,10,0,0,0,49
37,红钻状态,2,3176,0,0,6,10,4,6,12,20,12,20,12,20,0,0,0,98
37,红钻状态,3,3176,0,0,12,20,8,12,24,40,24,40,24,40,0,0,0,196
37,红钻状态,4,3176,0,0,18,30,12,18,36,60,36,60,36,60,0,0,0,294
37,红钻状态,5,3176,0,0,30,50,20,30,60,100,60,100,60,100,0,0,0,490
37,红钻状态,6,3176,0,0,42,70,28,42,84,140,84,140,84,140,0,0,0,686
37,红钻状态,7,3176,0,0,60,100,40,60,120,200,120,200,120,200,0,0,0,980
37,红钻状态,8,3176,0,0,84,140,56,84,168,280,168,280,168,280,0,0,0,1372
37,红钻状态,9,3176,0,0,114,190,76,114,228,380,228,380,228,380,0,0,0,1862
37,红钻状态,10,3176,0,0,150,250,100,150,300,500,300,500,300,500,0,0,0,2470
,,,,,,,,,,,,,,,,,,,
38,心法状态,1,3050,20,20,0,1,0,1,1,2,1,2,1,2,0,0,0,17
38,心法状态,2,3050,40,40,1,2,0,1,2,4,2,4,2,4,0,0,0,34
38,心法状态,3,3050,60,60,1,3,1,2,3,6,3,6,3,6,0,0,0,52
38,心法状态,4,3050,80,80,2,4,1,2,4,8,4,8,4,8,0,0,0,69
38,心法状态,5,3050,100,100,2,5,1,3,5,10,5,10,5,10,0,0,0,86
38,心法状态,6,3050,120,120,3,6,1,3,7,14,7,14,7,14,0,0,0,108
38,心法状态,7,3050,140,140,3,7,2,4,9,18,9,18,9,18,0,0,0,131
38,心法状态,8,3050,160,160,4,8,2,4,11,22,11,22,11,22,0,0,0,153
38,心法状态,9,3050,180,180,4,9,2,5,13,26,13,26,13,26,0,0,0,175
38,心法状态,10,3050,200,200,5,10,2,5,15,30,15,30,15,30,0,0,0,197
38,心法状态,11,3050,220,220,6,12,3,6,19,38,19,38,19,38,0,0,0,232
38,心法状态,12,3050,240,240,7,14,3,7,23,46,23,46,23,46,0,0,0,266
38,心法状态,13,3050,260,260,8,16,4,8,27,54,27,54,27,54,0,0,0,301
38,心法状态,14,3050,280,280,9,18,4,9,31,62,31,62,31,62,0,0,0,335
38,心法状态,15,3050,300,300,10,20,5,10,35,70,35,70,35,70,0,0,0,370
38,心法状态,16,3050,320,320,11,22,5,11,41,82,41,82,41,82,0,0,0,414
38,心法状态,17,3050,340,340,12,24,6,12,47,94,47,94,47,94,0,0,0,459
38,心法状态,18,3050,360,360,13,26,6,13,53,106,53,106,53,106,0,0,0,503
38,心法状态,19,3050,380,380,14,28,7,14,59,118,59,118,59,118,0,0,0,548
38,心法状态,20,3050,400,400,15,30,7,15,65,130,65,130,65,130,0,0,0,592
38,心法状态,21,3050,420,420,17,34,8,17,72,145,72,145,72,145,0,0,0,648
38,心法状态,22,3050,440,440,19,38,9,19,80,160,80,160,80,160,0,0,0,705
38,心法状态,23,3050,460,460,21,42,10,21,87,175,87,175,87,175,0,0,0,761
38,心法状态,24,3050,480,480,23,46,11,23,95,190,95,190,95,190,0,0,0,818
38,心法状态,25,3050,500,500,25,50,12,25,105,210,105,210,105,210,0,0,0,887
38,心法状态,26,3050,520,520,27,54,13,27,115,230,115,230,115,230,0,0,0,956
38,心法状态,27,3050,540,540,29,58,14,29,125,250,125,250,125,250,0,0,0,1025
38,心法状态,28,3050,560,560,31,62,15,31,135,270,135,270,135,270,0,0,0,1094
38,心法状态,29,3050,580,580,33,66,16,33,145,290,145,290,145,290,0,0,0,1163
38,心法状态,30,3050,600,600,35,70,17,35,157,315,157,315,157,315,0,0,0,1244
38,心法状态,31,3050,620,620,38,76,19,38,170,340,170,340,170,340,0,0,0,1331
38,心法状态,32,3050,640,640,41,82,20,41,182,365,182,365,182,365,0,0,0,1416
38,心法状态,33,3050,660,660,44,88,22,44,195,390,195,390,195,390,0,0,0,1503
38,心法状态,34,3050,680,680,47,94,23,47,207,415,207,415,207,415,0,0,0,1588
38,心法状态,35,3050,700,700,50,100,25,50,222,445,222,445,222,445,0,0,0,1687
38,心法状态,36,3050,720,720,53,106,26,53,237,475,237,475,237,475,0,0,0,1785
38,心法状态,37,3050,740,740,56,112,28,56,252,505,252,505,252,505,0,0,0,1884
38,心法状态,38,3050,760,760,59,118,29,59,267,535,267,535,267,535,0,0,0,1982
38,心法状态,39,3050,780,780,62,124,31,62,282,565,282,565,282,565,0,0,0,2081
38,心法状态,40,3050,800,800,65,130,32,65,300,600,300,600,300,600,0,0,0,2192
38,心法状态,41,3050,820,820,69,138,34,69,317,635,317,635,317,635,0,0,0,2307
38,心法状态,42,3050,840,840,73,146,36,73,335,670,335,670,335,670,0,0,0,2423
38,心法状态,43,3050,860,860,77,154,38,77,352,705,352,705,352,705,0,0,0,2538
38,心法状态,44,3050,880,880,81,162,40,81,370,740,370,740,370,740,0,0,0,2654
38,心法状态,45,3050,900,900,85,170,42,85,390,780,390,780,390,780,0,0,0,2782
38,心法状态,46,3050,920,920,89,178,44,89,410,820,410,820,410,820,0,0,0,2910
38,心法状态,47,3050,940,940,93,186,46,93,430,860,430,860,430,860,0,0,0,3038
38,心法状态,48,3050,960,960,97,194,48,97,450,900,450,900,450,900,0,0,0,3166
38,心法状态,49,3050,980,980,101,202,50,101,470,940,470,940,470,940,0,0,0,3294
38,心法状态,50,3050,1000,1000,105,210,52,105,500,1000,500,1000,500,1000,0,0,0,3472
,,,,,,,,,,,,,,,,,,,
#状态编号,名称,等级,素材id,生命上限,魔法上限,物理防御,,魔法防御,,物理攻击,,魔法攻击,,道术攻击,,无视防御,暴击几率,暴击伤害,战力
40,0阶神器,1,3290,4,4,0,1,0,1,1,2,1,2,1,2,0,4,4,23
40,0阶神器,2,3290,8,8,0,1,0,1,2,4,2,4,2,4,0,8,8,42
40,0阶神器,3,3290,12,12,1,2,0,1,3,6,3,6,3,6,0,12,12,64
40,0阶神器,4,3290,16,16,1,2,0,1,4,8,4,8,4,8,0,16,16,83
40,0阶神器,5,3290,20,20,1,2,1,2,5,10,5,10,5,10,0,20,20,105
40,0阶神器,6,3290,24,24,1,3,1,2,6,12,6,12,6,12,0,24,24,126
40,0阶神器,7,3290,28,28,1,3,1,2,7,14,7,14,7,14,0,28,28,145
40,0阶神器,8,3290,32,32,2,4,1,2,8,16,8,16,8,16,0,32,32,167
40,0阶神器,9,3290,36,36,2,4,1,3,9,18,9,18,9,18,0,36,36,188
40,0阶神器,10,3290,40,40,2,4,1,3,10,20,10,20,10,20,0,40,40,207
41,1阶神器,1,3290,45,45,2,5,1,3,12,24,12,24,12,24,0,45,45,238
41,1阶神器,2,3290,50,50,3,6,2,4,14,28,14,28,14,28,0,50,50,273
41,1阶神器,3,3290,55,55,3,7,2,4,16,32,16,32,16,32,0,55,55,304
41,1阶神器,4,3290,60,60,4,8,2,5,18,36,18,36,18,36,0,60,60,338
41,1阶神器,5,3290,65,65,4,8,2,5,20,40,20,40,20,40,0,65,65,367
41,1阶神器,6,3290,70,70,4,9,3,6,22,44,22,44,22,44,0,70,70,401
41,1阶神器,7,3290,75,75,5,10,3,6,24,48,24,48,24,48,0,75,75,433
41,1阶神器,8,3290,80,80,5,11,3,7,26,52,26,52,26,52,0,80,80,466
41,1阶神器,9,3290,85,85,6,12,3,7,28,56,28,56,28,56,0,85,85,498
41,1阶神器,10,3290,90,90,6,12,4,8,30,60,30,60,30,60,0,90,90,530
42,2阶神器,1,3290,96,96,7,14,4,8,33,66,33,66,33,66,0,96,96,574
42,2阶神器,2,3290,102,102,7,15,4,9,36,72,36,72,36,72,0,102,102,617
42,2阶神器,3,3290,108,108,8,16,5,10,39,78,39,78,39,78,0,108,108,662
42,2阶神器,4,3290,114,114,8,17,5,11,42,84,42,84,42,84,0,114,114,705
42,2阶神器,5,3290,120,120,9,18,5,11,45,90,45,90,45,90,0,120,120,747
42,2阶神器,6,3290,126,126,10,20,6,12,48,96,48,96,48,96,0,126,126,794
42,2阶神器,7,3290,132,132,10,21,6,13,51,102,51,102,51,102,0,132,132,837
42,2阶神器,8,3290,138,138,11,22,6,13,54,108,54,108,54,108,0,138,138,879
42,2阶神器,9,3290,144,144,11,23,7,14,57,114,57,114,57,114,0,144,144,923
42,2阶神器,10,3290,150,150,12,24,7,15,60,120,60,120,60,120,0,150,150,967
43,3阶神器,1,3290,158,158,13,26,8,16,64,128,64,128,64,128,0,158,158,1027
43,3阶神器,2,3290,166,166,14,28,8,17,68,136,68,136,68,136,0,166,166,1086
43,3阶神器,3,3290,174,174,14,29,9,18,72,144,72,144,72,144,0,174,174,1143
43,3阶神器,4,3290,182,182,15,31,9,19,76,152,76,152,76,152,0,182,182,1202
43,3阶神器,5,3290,190,190,16,32,10,20,80,160,80,160,80,160,0,190,190,1260
43,3阶神器,6,3290,198,198,17,34,10,21,84,168,84,168,84,168,0,198,198,1319
43,3阶神器,7,3290,206,206,18,36,11,22,88,176,88,176,88,176,0,206,206,1379
43,3阶神器,8,3290,214,214,18,37,11,23,92,184,92,184,92,184,0,214,214,1435
43,3阶神器,9,3290,222,222,19,39,12,24,96,192,96,192,96,192,0,222,222,1495
43,3阶神器,10,3290,230,230,20,40,12,24,100,200,100,200,100,200,0,230,230,1550
44,4阶神器,1,3290,240,240,21,42,13,26,105,210,105,210,105,210,0,240,240,1625
44,4阶神器,2,3290,250,250,22,44,13,27,110,220,110,220,110,220,0,250,250,1697
44,4阶神器,3,3290,260,260,23,46,14,28,115,230,115,230,115,230,0,260,260,1770
44,4阶神器,4,3290,270,270,24,48,14,29,120,240,120,240,120,240,0,270,270,1842
44,4阶神器,5,3290,280,280,25,50,15,30,125,250,125,250,125,250,0,280,280,1915
44,4阶神器,6,3290,290,290,26,52,16,32,130,260,130,260,130,260,0,290,290,1990
44,4阶神器,7,3290,300,300,27,54,16,33,135,270,135,270,135,270,0,300,300,2062
44,4阶神器,8,3290,310,310,28,56,17,34,140,280,140,280,140,280,0,310,310,2135
44,4阶神器,9,3290,320,320,29,58,17,35,145,290,145,290,145,290,0,320,320,2207
44,4阶神器,10,3290,330,330,30,60,18,36,150,300,150,300,150,300,0,330,330,2280
45,5阶神器,1,3290,342,342,31,63,19,38,157,315,157,315,157,315,0,342,342,2380
45,5阶神器,2,3290,354,354,33,66,20,40,165,330,165,330,165,330,0,354,354,2482
45,5阶神器,3,3290,366,366,34,69,21,42,172,345,172,345,172,345,0,366,366,2582
45,5阶神器,4,3290,378,378,36,72,22,44,180,360,180,360,180,360,0,378,378,2684
45,5阶神器,5,3290,390,390,37,75,22,45,187,375,187,375,187,375,0,390,390,2781
45,5阶神器,6,3290,402,402,39,78,23,47,195,390,195,390,195,390,0,402,402,2883
45,5阶神器,7,3290,414,414,40,81,24,49,202,405,202,405,202,405,0,414,414,2983
45,5阶神器,8,3290,426,426,42,84,25,51,210,420,210,420,210,420,0,426,426,3085
45,5阶神器,9,3290,438,438,43,87,26,53,217,435,217,435,217,435,0,438,438,3185
45,5阶神器,10,3290,450,450,45,90,27,54,225,450,225,450,225,450,0,450,450,3285
46,6阶神器,1,3290,465,465,47,94,28,57,235,470,235,470,235,470,0,465,465,3417
46,6阶神器,2,3290,480,480,49,98,29,59,245,490,245,490,245,490,0,480,480,3547
46,6阶神器,3,3290,495,495,51,102,31,62,255,510,255,510,255,510,0,495,495,3680
46,6阶神器,4,3290,510,510,53,106,32,64,265,530,265,530,265,530,0,510,510,3810
46,6阶神器,5,3290,525,525,55,110,33,66,275,550,275,550,275,550,0,525,525,3940
46,6阶神器,6,3290,540,540,57,114,34,69,285,570,285,570,285,570,0,540,540,4072
46,6阶神器,7,3290,555,555,59,118,35,71,295,590,295,590,295,590,0,555,555,4202
46,6阶神器,8,3290,570,570,61,122,37,74,305,610,305,610,305,610,0,570,570,4335
46,6阶神器,9,3290,585,585,63,126,38,76,315,630,315,630,315,630,0,585,585,4465
46,6阶神器,10,3290,600,600,65,130,39,78,325,650,325,650,325,650,0,600,600,4595
47,7阶神器,1,3290,620,620,68,136,41,82,340,680,340,680,340,680,0,620,620,4785
47,7阶神器,2,3290,640,640,71,142,43,86,355,710,355,710,355,710,0,640,640,4975
47,7阶神器,3,3290,660,660,74,148,44,89,370,740,370,740,370,740,0,660,660,5162
47,7阶神器,4,3290,680,680,77,154,46,93,385,770,385,770,385,770,0,680,680,5352
47,7阶神器,5,3290,700,700,80,160,48,96,400,800,400,800,400,800,0,700,700,5540
47,7阶神器,6,3290,720,720,83,166,50,100,415,830,415,830,415,830,0,720,720,5730
47,7阶神器,7,3290,740,740,86,172,52,104,430,860,430,860,430,860,0,740,740,5920
47,7阶神器,8,3290,760,760,89,178,53,107,445,890,445,890,445,890,0,760,760,6107
47,7阶神器,9,3290,780,780,92,184,55,111,460,920,460,920,460,920,0,780,780,6297
47,7阶神器,10,3290,800,800,95,190,57,114,475,950,475,950,475,950,0,800,800,6485
48,8阶神器,1,3290,830,830,99,198,59,119,495,990,495,990,495,990,0,830,830,6747
48,8阶神器,2,3290,860,860,103,206,62,124,515,1030,515,1030,515,1030,0,860,860,7010
48,8阶神器,3,3290,890,890,107,214,64,129,535,1070,535,1070,535,1070,0,890,890,7272
48,8阶神器,4,3290,920,920,111,222,67,134,555,1110,555,1110,555,1110,0,920,920,7535
48,8阶神器,5,3290,950,950,115,230,69,138,575,1150,575,1150,575,1150,0,950,950,7795
48,8阶神器,6,3290,980,980,119,238,71,143,595,1190,595,1190,595,1190,0,980,980,8057
48,8阶神器,7,3290,1010,1010,123,246,74,148,615,1230,615,1230,615,1230,0,1010,1010,8320
48,8阶神器,8,3290,1040,1040,127,254,76,153,635,1270,635,1270,635,1270,0,1040,1040,8582
48,8阶神器,9,3290,1070,1070,131,262,79,158,655,1310,655,1310,655,1310,0,1070,1070,8845
48,8阶神器,10,3290,1100,1100,135,270,81,162,675,1350,675,1350,675,1350,0,1100,1100,9105
49,9阶神器,1,3290,1140,1140,140,280,84,168,700,1400,700,1400,700,1400,0,1140,1140,9440
49,9阶神器,2,3290,1180,1180,145,290,87,174,725,1450,725,1450,725,1450,0,1180,1180,9775
49,9阶神器,3,3290,1220,1220,150,300,90,180,750,1500,750,1500,750,1500,0,1220,1220,10110
49,9阶神器,4,3290,1260,1260,155,310,93,186,775,1550,775,1550,775,1550,0,1260,1260,10445
49,9阶神器,5,3290,1300,1300,160,320,96,192,800,1600,800,1600,800,1600,0,1300,1300,10780
49,9阶神器,6,3290,1340,1340,165,330,99,198,825,1650,825,1650,825,1650,0,1340,1340,11115
49,9阶神器,7,3290,1380,1380,170,340,102,204,850,1700,850,1700,850,1700,0,1380,1380,11450
49,9阶神器,8,3290,1420,1420,175,350,105,210,875,1750,875,1750,875,1750,0,1420,1420,11785
49,9阶神器,9,3290,1460,1460,180,360,108,216,900,1800,900,1800,900,1800,0,1460,1460,12120
49,9阶神器,10,3290,1500,1500,185,370,111,222,925,1850,925,1850,925,1850,0,1500,1500,12455
#状态编号,名称,等级,素材id,生命上限,魔法上限,物理防御,,魔法防御,,物理攻击,,魔法攻击,,道术攻击,,无视防御,暴击几率,暴击伤害,战力
50,一转,1,0,500,500,20,40,10,20,120,200,120,200,120,200,0,100,100,1970
50,二转,2,0,1000,1000,40,80,20,40,240,400,240,400,240,400,0,200,200,3940
50,三转,3,0,1500,1500,60,120,30,60,360,600,360,600,360,600,0,300,300,5910
50,四转,4,0,2000,2000,80,160,40,80,480,800,480,800,480,800,0,400,400,7880
50,五转,5,0,2500,2500,100,200,50,100,600,1000,600,1000,600,1000,0,500,500,9850
50,六转,6,0,3000,3000,120,240,60,120,720,1200,720,1200,720,1200,0,600,600,11820
50,七转,7,0,3500,3500,140,280,70,140,840,1400,840,1400,840,1400,0,700,700,13790
50,八转,8,0,4000,4000,160,320,80,160,960,1600,960,1600,960,1600,0,800,800,15760
50,九转,9,0,4500,4500,180,360,90,180,1080,1800,1080,1800,1080,1800,0,900,900,17730
50,十转,10,0,5000,5000,200,400,100,200,1200,2000,1200,2000,1200,2000,0,1000,1000,19700
,,,,,,,,,,,,,,,,,,,
51,祈福金属性,1,4267,0,0,0,0,0,0,6,10,6,10,6,10,0,0,0,27
52,祈福木属性,1,4268,0,0,0,0,3,6,0,0,0,0,0,0,0,0,0,23
53,祈福水属性,1,4269,100,0,0,0,0,0,0,0,0,0,0,0,0,0,0,21
54,祈福火属性,1,4270,0,0,0,0,0,0,0,0,0,0,0,0,0,50,0,25
55,祈福土属性,1,4271,0,0,3,6,0,0,0,0,0,0,0,0,0,0,0,23
,,,,,,,,,,,,,,,,,,,
56,1阶坐骑,1,3153,0,0,3,5,3,5,6,10,6,10,6,10,100,0,0,88
56,1阶坐骑,2,3153,0,0,3,6,3,6,7,11,7,11,7,11,110,0,0,97
56,1阶坐骑,3,3153,0,0,3,6,3,6,7,12,7,12,7,12,120,0,0,106
56,1阶坐骑,4,3153,0,0,4,7,4,7,8,13,8,13,8,13,130,0,0,115
56,1阶坐骑,5,3153,0,0,4,7,4,7,8,14,8,14,8,14,140,0,0,124
56,1阶坐骑,6,3153,0,0,4,8,4,8,9,15,9,15,9,15,150,0,0,133
56,1阶坐骑,7,3153,0,0,5,8,5,8,9,16,9,16,9,16,160,0,0,142
56,1阶坐骑,8,3153,0,0,5,9,5,9,10,17,10,17,10,17,170,0,0,151
56,1阶坐骑,9,3153,0,0,5,9,5,9,11,18,11,18,11,18,180,0,0,160
56,2阶坐骑,10,3153,0,0,6,10,6,10,12,20,12,20,12,20,200,0,0,176
57,2阶坐骑,1,3153,0,0,6,10,6,10,13,22,13,22,13,22,220,0,0,193
57,2阶坐骑,2,3153,0,0,6,11,6,11,14,24,14,24,14,24,240,0,0,210
57,2阶坐骑,3,3153,0,0,7,11,7,11,15,26,15,26,15,26,260,0,0,227
57,2阶坐骑,4,3153,0,0,7,12,7,12,16,28,16,28,16,28,280,0,0,244
57,2阶坐骑,5,3153,0,0,7,12,7,12,18,30,18,30,18,30,300,0,0,261
57,2阶坐骑,6,3153,0,0,8,13,8,13,19,32,19,32,19,32,320,0,0,278
57,2阶坐骑,7,3153,0,0,8,13,8,13,20,34,20,34,20,34,340,0,0,295
57,2阶坐骑,8,3153,0,0,8,14,8,14,21,36,21,36,21,36,360,0,0,312
57,2阶坐骑,9,3153,0,0,9,14,9,14,22,38,22,38,22,38,380,0,0,329
57,3阶坐骑,10,3153,0,0,9,15,9,15,24,40,24,40,24,40,400,0,0,352
58,3阶坐骑,1,3153,0,0,9,15,9,15,25,42,25,42,25,42,420,0,0,366
58,3阶坐骑,2,3153,0,0,10,16,10,16,26,44,26,44,26,44,440,0,0,380
58,3阶坐骑,3,3153,0,0,10,16,10,16,27,46,27,46,27,46,460,0,0,394
58,3阶坐骑,4,3153,0,0,10,17,10,17,28,48,28,48,28,48,480,0,0,408
58,3阶坐骑,5,3153,0,0,11,17,11,17,30,50,30,50,30,50,500,0,0,422
58,3阶坐骑,6,3153,0,0,11,18,11,18,31,52,31,52,31,52,520,0,0,436
58,3阶坐骑,7,3153,0,0,11,18,11,18,32,54,32,54,32,54,540,0,0,450
58,3阶坐骑,8,3153,0,0,12,19,12,19,33,56,33,56,33,56,560,0,0,464
58,3阶坐骑,9,3153,0,0,12,19,12,19,34,58,34,58,34,58,580,0,0,478
58,4阶坐骑,10,3153,0,0,12,20,12,20,36,60,36,60,36,60,600,0,0,496
59,4阶坐骑,1,3153,0,0,13,20,13,20,38,63,38,63,38,63,630,0,0,512
59,4阶坐骑,2,3153,0,0,13,21,13,21,40,66,40,66,40,66,660,0,0,528
59,4阶坐骑,3,3153,0,0,13,21,13,21,42,69,42,69,42,69,690,0,0,544
59,4阶坐骑,4,3153,0,0,14,22,14,22,44,72,44,72,44,72,720,0,0,560
59,4阶坐骑,5,3153,0,0,14,22,14,22,46,75,46,75,46,75,750,0,0,576
59,4阶坐骑,6,3153,0,0,14,23,14,23,48,78,48,78,48,78,780,0,0,592
59,4阶坐骑,7,3153,0,0,15,23,15,23,50,81,50,81,50,81,810,0,0,608
59,4阶坐骑,8,3153,0,0,15,24,15,24,52,84,52,84,52,84,840,0,0,624
59,4阶坐骑,9,3153,0,0,15,24,15,24,54,87,54,87,54,87,870,0,0,640
59,5阶坐骑,10,3153,0,0,16,25,16,25,56,90,56,90,56,90,900,0,0,656
#状态编号,名称,等级,素材id,生命上限,魔法上限,物理防御,,魔法防御,,物理攻击,,魔法攻击,,道术攻击,,无视防御,暴击几率,暴击伤害,战力
60,5阶坐骑,1,3153,0,0,16,25,16,25,58,93,58,93,58,93,930,0,0,692
60,5阶坐骑,2,3153,0,0,16,26,16,26,60,96,60,96,60,96,960,0,0,728
60,5阶坐骑,3,3153,0,0,17,26,17,26,62,100,62,100,62,100,990,0,0,764
60,5阶坐骑,4,3153,0,0,17,27,17,27,64,105,64,105,64,105,1020,0,0,800
60,5阶坐骑,5,3153,0,0,17,27,17,27,67,110,67,110,67,110,1050,0,0,836
60,5阶坐骑,6,3153,0,0,18,28,18,28,70,115,70,115,70,115,1080,0,0,872
60,5阶坐骑,7,3153,0,0,18,28,18,28,73,120,73,120,73,120,1110,0,0,908
60,5阶坐骑,8,3153,0,0,18,29,18,29,76,125,76,125,76,125,1140,0,0,944
60,5阶坐骑,9,3153,0,0,19,29,19,29,79,130,79,130,79,130,1170,0,0,980
60,6阶坐骑,10,3153,0,0,19,30,19,30,82,135,82,135,82,135,1200,0,0,1017
61,6阶坐骑,1,3153,0,0,19,30,19,30,86,142,86,142,86,142,1230,0,0,1058
61,6阶坐骑,2,3153,0,0,20,31,20,31,90,149,90,149,90,149,1260,0,0,1099
61,6阶坐骑,3,3153,0,0,20,31,20,31,94,156,94,156,94,156,1290,0,0,1141
61,6阶坐骑,4,3153,0,0,20,32,20,32,98,163,98,163,98,163,1320,0,0,1183
61,6阶坐骑,5,3153,0,0,21,32,21,32,102,170,102,170,102,170,1350,0,0,1225
61,6阶坐骑,6,3153,0,0,21,33,21,33,106,177,106,177,106,177,1380,0,0,1267
61,6阶坐骑,7,3153,0,0,21,33,21,33,110,185,110,185,110,185,1410,0,0,1309
61,6阶坐骑,8,3153,0,0,22,34,22,34,115,193,115,193,115,193,1440,0,0,1351
61,6阶坐骑,9,3153,0,0,22,34,22,34,120,201,120,201,120,201,1470,0,0,1393
61,7阶坐骑,10,3153,0,0,22,35,22,35,125,209,125,209,125,209,1500,0,0,1435
62,7阶坐骑,1,3153,0,0,23,35,23,35,132,220,132,220,132,220,1550,0,0,1499
62,7阶坐骑,2,3153,0,0,23,36,23,36,139,231,139,231,139,231,1600,0,0,1563
62,7阶坐骑,3,3153,0,0,23,36,23,36,146,242,146,242,146,242,1650,0,0,1628
62,7阶坐骑,4,3153,0,0,24,37,24,37,153,253,153,253,153,253,1700,0,0,1693
62,7阶坐骑,5,3153,0,0,24,37,24,37,160,265,160,265,160,265,1750,0,0,1758
62,7阶坐骑,6,3153,0,0,24,38,24,38,167,277,167,277,167,277,1800,0,0,1823
62,7阶坐骑,7,3153,0,0,25,38,25,38,174,289,174,289,174,289,1850,0,0,1888
62,7阶坐骑,8,3153,0,0,25,39,25,39,181,301,181,301,181,301,1900,0,0,1953
62,7阶坐骑,9,3153,0,0,25,39,25,39,188,313,188,313,188,313,1950,0,0,2018
62,8阶坐骑,10,3153,0,0,26,40,26,40,195,326,195,326,195,326,2000,0,0,2083
63,8阶坐骑,1,3153,0,0,26,40,26,40,206,344,206,344,206,344,2100,0,0,2187
63,8阶坐骑,2,3153,0,0,26,41,26,41,217,363,217,363,217,363,2200,0,0,2291
63,8阶坐骑,3,3153,0,0,27,41,27,41,228,382,228,382,228,382,2300,0,0,2395
63,8阶坐骑,4,3153,0,0,27,42,27,42,239,401,239,401,239,401,2400,0,0,2500
63,8阶坐骑,5,3153,0,0,27,42,27,42,250,420,250,420,250,420,2500,0,0,2605
63,8阶坐骑,6,3153,0,0,28,43,28,43,261,439,261,439,261,439,2600,0,0,2710
63,8阶坐骑,7,3153,0,0,28,43,28,43,273,458,273,458,273,458,2700,0,0,2815
63,8阶坐骑,8,3153,0,0,28,44,28,44,285,477,285,477,285,477,2800,0,0,2920
63,8阶坐骑,9,3153,0,0,29,44,29,44,297,496,297,496,297,496,2900,0,0,3025
63,9阶坐骑,10,3153,0,0,29,45,29,45,309,515,309,515,309,515,3000,0,0,3130
64,9阶坐骑,1,3153,0,0,29,45,29,45,327,545,327,545,327,545,3100,0,0,3299
64,9阶坐骑,2,3153,0,0,30,46,30,46,345,576,345,576,345,576,3200,0,0,3468
64,9阶坐骑,3,3153,0,0,30,46,30,46,363,607,363,607,363,607,3300,0,0,3637
64,9阶坐骑,4,3153,0,0,30,47,30,47,381,638,381,638,381,638,3400,0,0,3806
64,9阶坐骑,5,3153,0,0,31,47,31,47,399,669,399,669,399,669,3500,0,0,3975
64,9阶坐骑,6,3153,0,0,31,48,31,48,418,700,418,700,418,700,3600,0,0,4144
64,9阶坐骑,7,3153,0,0,31,48,31,48,437,731,437,731,437,731,3700,0,0,4313
64,9阶坐骑,8,3153,0,0,32,49,32,49,456,762,456,762,456,762,3800,0,0,4482
64,9阶坐骑,9,3153,0,0,32,49,32,49,475,793,475,793,475,793,3900,0,0,4651
64,10阶坐骑,10,3153,0,0,32,50,32,50,494,824,494,824,494,824,4000,0,0,4820
65,10阶坐骑,1,3153,0,0,33,52,33,52,524,875,524,875,524,875,4100,0,0,5078
65,10阶坐骑,2,3153,0,0,34,54,34,54,554,926,554,926,554,926,4200,0,0,5337
65,10阶坐骑,3,3153,0,0,35,56,35,56,584,977,584,977,584,977,4300,0,0,5596
65,10阶坐骑,4,3153,0,0,36,58,36,58,614,1028,614,1028,614,1028,4400,0,0,5855
65,10阶坐骑,5,3153,0,0,37,60,37,60,645,1079,645,1079,645,1079,4500,0,0,6114
65,10阶坐骑,6,3153,0,0,38,62,38,62,676,1130,676,1130,676,1130,4700,0,0,6373
65,10阶坐骑,7,3153,0,0,39,64,39,64,707,1181,707,1181,707,1181,4900,0,0,6632
65,10阶坐骑,8,3153,0,0,40,66,40,66,738,1232,738,1232,738,1232,5100,0,0,6891
65,10阶坐骑,9,3153,0,0,41,68,41,68,769,1283,769,1283,769,1283,5300,0,0,7150
65,11阶坐骑,10,3153,0,0,42,70,42,70,800,1334,800,1334,800,1334,5500,0,0,7409
#状态编号,名称,等级,素材id,生命上限,魔法上限,物理防御,,魔法防御,,物理攻击,,魔法攻击,,道术攻击,,无视防御,暴击几率,暴击伤害,战力
66,11阶坐骑,1,3153,0,0,43,73,43,73,851,1419,851,1419,851,1419,5700,0,0,7837
66,11阶坐骑,2,3153,0,0,44,76,44,76,902,1504,902,1504,902,1504,5900,0,0,8265
66,11阶坐骑,3,3153,0,0,46,79,46,79,953,1589,953,1589,953,1589,6100,0,0,8693
66,11阶坐骑,4,3153,0,0,48,82,48,82,1004,1674,1004,1674,1004,1674,6300,0,0,9121
66,11阶坐骑,5,3153,0,0,50,85,50,85,1055,1759,1055,1759,1055,1759,6500,0,0,9549
66,11阶坐骑,6,3153,0,0,52,88,52,88,1106,1844,1106,1844,1106,1844,6800,0,0,9977
66,11阶坐骑,7,3153,0,0,54,91,54,91,1157,1929,1157,1929,1157,1929,7100,0,0,10405
66,11阶坐骑,8,3153,0,0,56,94,56,94,1208,2015,1208,2015,1208,2015,7400,0,0,10833
66,11阶坐骑,9,3153,0,0,58,97,58,97,1260,2101,1260,2101,1260,2101,7700,0,0,11261
66,12阶坐骑,10,3153,0,0,60,100,60,100,1312,2187,1312,2187,1312,2187,8000,0,0,11690
67,12阶坐骑,1,3153,0,0,62,103,62,103,1363,2272,1363,2272,1363,2272,8050,0,0,12118
67,12阶坐骑,2,3153,0,0,64,106,64,106,1414,2357,1414,2357,1414,2357,8100,0,0,12546
67,12阶坐骑,3,3153,0,0,66,109,66,109,1465,2442,1465,2442,1465,2442,8150,0,0,12974
67,12阶坐骑,4,3153,0,0,68,112,68,112,1516,2527,1516,2527,1516,2527,8200,0,0,13402
67,12阶坐骑,5,3153,0,0,70,115,70,115,1567,2612,1567,2612,1567,2612,8250,0,0,13830
67,12阶坐骑,6,3153,0,0,72,118,72,118,1618,2697,1618,2697,1618,2697,8300,0,0,14258
67,12阶坐骑,7,3153,0,0,74,121,74,121,1669,2782,1669,2782,1669,2782,8350,0,0,14686
67,12阶坐骑,8,3153,0,0,76,124,76,124,1720,2868,1720,2868,1720,2868,8400,0,0,15114
67,12阶坐骑,9,3153,0,0,78,127,78,127,1772,2954,1772,2954,1772,2954,8450,0,0,15542
67,13阶坐骑,10,3153,0,0,80,130,80,130,1824,3040,1824,3040,1824,3040,8500,0,0,15971
68,13阶坐骑,1,3153,0,0,82,133,82,133,1875,3125,1875,3125,1875,3125,8550,0,0,16399
68,13阶坐骑,2,3153,0,0,84,136,84,136,1926,3210,1926,3210,1926,3210,8600,0,0,16827
68,13阶坐骑,3,3153,0,0,86,139,86,139,1977,3295,1977,3295,1977,3295,8650,0,0,17255
68,13阶坐骑,4,3153,0,0,88,142,88,142,2028,3380,2028,3380,2028,3380,8700,0,0,17683
68,13阶坐骑,5,3153,0,0,90,145,90,145,2079,3465,2079,3465,2079,3465,8750,0,0,18111
68,13阶坐骑,6,3153,0,0,92,148,92,148,2130,3550,2130,3550,2130,3550,8800,0,0,18539
68,13阶坐骑,7,3153,0,0,94,151,94,151,2181,3635,2181,3635,2181,3635,8850,0,0,18967
68,13阶坐骑,8,3153,0,0,96,154,96,154,2232,3721,2232,3721,2232,3721,8900,0,0,19395
68,13阶坐骑,9,3153,0,0,98,157,98,157,2284,3807,2284,3807,2284,3807,8950,0,0,19823
68,14阶坐骑,10,3153,0,0,100,160,100,160,2336,3893,2336,3893,2336,3893,9000,0,0,20252
69,14阶坐骑,1,3153,0,0,102,163,102,163,2387,3978,2387,3978,2387,3978,9050,0,0,20680
69,14阶坐骑,2,3153,0,0,104,166,104,166,2438,4063,2438,4063,2438,4063,9100,0,0,21108
69,14阶坐骑,3,3153,0,0,106,169,106,169,2489,4148,2489,4148,2489,4148,9150,0,0,21536
69,14阶坐骑,4,3153,0,0,108,172,108,172,2540,4233,2540,4233,2540,4233,9200,0,0,21964
69,14阶坐骑,5,3153,0,0,110,175,110,175,2591,4318,2591,4318,2591,4318,9250,0,0,22392
69,14阶坐骑,6,3153,0,0,112,178,112,178,2642,4403,2642,4403,2642,4403,9300,0,0,22820
69,14阶坐骑,7,3153,0,0,114,181,114,181,2693,4488,2693,4488,2693,4488,9350,0,0,23248
69,14阶坐骑,8,3153,0,0,116,184,116,184,2744,4574,2744,4574,2744,4574,9400,0,0,23676
69,14阶坐骑,9,3153,0,0,118,187,118,187,2796,4660,2796,4660,2796,4660,9450,0,0,24104
69,15阶坐骑,10,3153,0,0,120,190,120,190,2848,4746,2848,4746,2848,4746,9500,0,0,24533
#70,服务器灼伤占用,,,,,,,,,,,,,,,,,,
#状态编号,名称,等级,素材id,生命上限,魔法上限,物理防御,,魔法防御,,物理攻击,,魔法攻击,,道术攻击,,无视防御,暴击几率,暴击伤害,战力
71,心法状态,1,3050,1020,1020,109,218,54,109,530,1060,530,1060,530,1060,0,0,0,4160
71,心法状态,2,3050,1040,1040,113,226,56,113,560,1120,560,1120,560,1120,0,0,0,4348
71,心法状态,3,3050,1060,1060,117,234,58,117,590,1180,590,1180,590,1180,0,0,0,4536
71,心法状态,4,3050,1080,1080,121,242,60,121,620,1240,620,1240,620,1240,0,0,0,4724
71,心法状态,5,3050,1100,1100,125,250,62,125,650,1300,650,1300,650,1300,0,0,0,4912
71,心法状态,6,3050,1120,1120,129,258,64,129,680,1360,680,1360,680,1360,0,0,0,5100
71,心法状态,7,3050,1140,1140,133,266,66,133,710,1420,710,1420,710,1420,0,0,0,5288
71,心法状态,8,3050,1160,1160,137,274,68,137,740,1480,740,1480,740,1480,0,0,0,5476
71,心法状态,9,3050,1180,1180,141,282,70,141,770,1540,770,1540,770,1540,0,0,0,5664
71,心法状态,10,3050,1200,1200,145,290,72,145,800,1600,800,1600,800,1600,0,0,0,5852
71,心法状态,11,3050,1220,1220,149,298,74,149,830,1660,830,1660,830,1660,0,0,0,6040
71,心法状态,12,3050,1240,1240,153,306,76,153,860,1720,860,1720,860,1720,0,0,0,6228
71,心法状态,13,3050,1260,1260,157,314,78,157,890,1780,890,1780,890,1780,0,0,0,6416
71,心法状态,14,3050,1280,1280,161,322,80,161,920,1840,920,1840,920,1840,0,0,0,6604
71,心法状态,15,3050,1300,1300,165,330,82,165,950,1900,950,1900,950,1900,0,0,0,6792
71,心法状态,16,3050,1320,1320,169,338,84,169,980,1960,980,1960,980,1960,0,0,0,6980
71,心法状态,17,3050,1340,1340,173,346,86,173,1010,2020,1010,2020,1010,2020,0,0,0,7168
71,心法状态,18,3050,1360,1360,177,354,88,177,1040,2080,1040,2080,1040,2080,0,0,0,7356
71,心法状态,19,3050,1380,1380,181,362,90,181,1070,2140,1070,2140,1070,2140,0,0,0,7544
71,心法状态,20,3050,1400,1400,185,370,92,185,1100,2200,1100,2200,1100,2200,0,0,0,7732
71,心法状态,21,3050,1420,1420,189,378,94,189,1130,2260,1130,2260,1130,2260,0,0,0,7920
71,心法状态,22,3050,1440,1440,193,386,96,193,1160,2320,1160,2320,1160,2320,0,0,0,8108
71,心法状态,23,3050,1460,1460,197,394,98,197,1190,2380,1190,2380,1190,2380,0,0,0,8296
71,心法状态,24,3050,1480,1480,201,402,100,201,1220,2440,1220,2440,1220,2440,0,0,0,8484
71,心法状态,25,3050,1500,1500,205,410,102,205,1250,2500,1250,2500,1250,2500,0,0,0,8672
71,心法状态,26,3050,1520,1520,209,418,104,209,1280,2560,1280,2560,1280,2560,0,0,0,8860
71,心法状态,27,3050,1540,1540,213,426,106,213,1310,2620,1310,2620,1310,2620,0,0,0,9048
71,心法状态,28,3050,1560,1560,217,434,108,217,1340,2680,1340,2680,1340,2680,0,0,0,9236
71,心法状态,29,3050,1580,1580,221,442,110,221,1370,2740,1370,2740,1370,2740,0,0,0,9424
71,心法状态,30,3050,1600,1600,225,450,112,225,1400,2800,1400,2800,1400,2800,0,0,0,9612
71,心法状态,31,3050,1620,1620,229,458,114,229,1430,2860,1430,2860,1430,2860,0,0,0,9800
71,心法状态,32,3050,1640,1640,233,466,116,233,1460,2920,1460,2920,1460,2920,0,0,0,9988
71,心法状态,33,3050,1660,1660,237,474,118,237,1490,2980,1490,2980,1490,2980,0,0,0,10176
71,心法状态,34,3050,1680,1680,241,482,120,241,1520,3040,1520,3040,1520,3040,0,0,0,10364
71,心法状态,35,3050,1700,1700,245,490,122,245,1550,3100,1550,3100,1550,3100,0,0,0,10552
71,心法状态,36,3050,1720,1720,249,498,124,249,1580,3160,1580,3160,1580,3160,0,0,0,10740
71,心法状态,37,3050,1740,1740,253,506,126,253,1610,3220,1610,3220,1610,3220,0,0,0,10928
71,心法状态,38,3050,1760,1760,257,514,128,257,1640,3280,1640,3280,1640,3280,0,0,0,11116
71,心法状态,39,3050,1780,1780,261,522,130,261,1670,3340,1670,3340,1670,3340,0,0,0,11304
71,心法状态,40,3050,1800,1800,265,530,132,265,1700,3400,1700,3400,1700,3400,0,0,0,11492
71,心法状态,41,3050,1820,1820,269,538,134,269,1730,3460,1730,3460,1730,3460,0,0,0,11680
71,心法状态,42,3050,1840,1840,273,546,136,273,1760,3520,1760,3520,1760,3520,0,0,0,11868
71,心法状态,43,3050,1860,1860,277,554,138,277,1790,3580,1790,3580,1790,3580,0,0,0,12056
71,心法状态,44,3050,1880,1880,281,562,140,281,1820,3640,1820,3640,1820,3640,0,0,0,12244
71,心法状态,45,3050,1900,1900,285,570,142,285,1850,3700,1850,3700,1850,3700,0,0,0,12432
71,心法状态,46,3050,1920,1920,289,578,144,289,1880,3760,1880,3760,1880,3760,0,0,0,12620
71,心法状态,47,3050,1940,1940,293,586,146,293,1910,3820,1910,3820,1910,3820,0,0,0,12808
71,心法状态,48,3050,1960,1960,297,594,148,297,1940,3880,1940,3880,1940,3880,0,0,0,12996
71,心法状态,49,3050,1980,1980,301,602,150,301,1970,3940,1970,3940,1970,3940,0,0,0,13184
71,心法状态,50,3050,2000,2000,305,610,152,305,2000,4000,2000,4000,2000,4000,0,0,0,13372
#状态编号,名称,等级,素材id,生命上限,魔法上限,物理防御,,魔法防御,,物理攻击,,魔法攻击,,道术攻击,,无视防御,暴击几率,暴击伤害,战力
72,15阶坐骑,1,3153,0,0,122,193,122,193,2900,4832,2900,4832,2900,4832,9500,0,0,24962
72,15阶坐骑,2,3153,0,0,124,196,124,196,2952,4918,2952,4918,2952,4918,9500,0,0,25391
72,15阶坐骑,3,3153,0,0,126,199,126,199,3004,5004,3004,5004,3004,5004,9500,0,0,25820
72,15阶坐骑,4,3153,0,0,128,202,128,202,3056,5090,3056,5090,3056,5090,9500,0,0,26249
72,15阶坐骑,5,3153,0,0,130,205,130,205,3108,5176,3108,5176,3108,5176,9500,0,0,26678
72,15阶坐骑,6,3153,0,0,132,208,132,208,3160,5262,3160,5262,3160,5262,9500,0,0,27107
72,15阶坐骑,7,3153,0,0,134,211,134,211,3212,5348,3212,5348,3212,5348,9500,0,0,27536
72,15阶坐骑,8,3153,0,0,136,214,136,214,3264,5434,3264,5434,3264,5434,9500,0,0,27965
72,15阶坐骑,9,3153,0,0,138,217,138,217,3316,5520,3316,5520,3316,5520,9500,0,0,28394
72,16阶坐骑,10,3153,0,0,140,220,140,220,3368,5606,3368,5606,3368,5606,9500,0,0,28823
#状态编号,名称,等级,素材id,生命上限,魔法上限,物理防御,,魔法防御,,物理攻击,,魔法攻击,,道术攻击,,无视防御,暴击几率,暴击伤害,战力
73,10阶神器,1,3290,1550,1550,191,382,115,229,955,1910,955,1910,955,1910,0,1545,1550,12870
73,10阶神器,2,3290,1600,1600,197,394,119,236,985,1970,985,1970,985,1970,0,1590,1600,13285
73,10阶神器,3,3290,1650,1650,203,406,123,243,1015,2030,1015,2030,1015,2030,0,1635,1650,13700
73,10阶神器,4,3290,1700,1700,209,418,127,250,1045,2090,1045,2090,1045,2090,0,1680,1700,14115
73,10阶神器,5,3290,1750,1750,215,430,131,257,1075,2150,1075,2150,1075,2150,0,1725,1750,14530
73,10阶神器,6,3290,1800,1800,221,442,135,264,1105,2210,1105,2210,1105,2210,0,1770,1800,14945
73,10阶神器,7,3290,1850,1850,227,454,139,271,1135,2270,1135,2270,1135,2270,0,1815,1850,15360
73,10阶神器,8,3290,1900,1900,233,466,143,278,1165,2330,1165,2330,1165,2330,0,1860,1900,15775
73,10阶神器,9,3290,1950,1950,239,478,147,285,1195,2390,1195,2390,1195,2390,0,1905,1950,16190
73,10阶神器,10,3290,2000,2000,245,490,151,292,1225,2450,1225,2450,1225,2450,0,1950,2000,16605
,,,,,,,,,,,,,,,,,,,
75,安全区快速恢复中,1,3050,,,,,,,,,,,,,,,,
,,,,,,,,,,,,,,,,,,,
77,怒气爆发,1,2312,0,0,0,0,0,0,7,12,7,12,7,12,0,0,0,180
77,怒气爆发,2,2312,0,0,0,0,0,0,14,24,14,24,14,24,0,0,0,372
77,怒气爆发,3,2312,0,0,0,0,0,0,28,48,28,48,28,48,0,0,0,750
77,怒气爆发,4,2312,0,0,0,0,0,0,57,96,57,96,57,96,0,0,0,1266
77,怒气爆发,5,2312,0,0,0,0,0,0,115,192,115,192,115,192,0,0,0,2052
77,怒气爆发,6,2312,0,0,0,0,0,0,230,384,230,384,230,384,0,0,0,3384
77,怒气爆发,7,2312,0,0,0,0,0,0,403,672,403,672,403,672,0,0,0,5268
77,怒气爆发,8,2312,0,0,0,0,0,0,662,1104,662,1104,662,1104,0,0,0,8208
77,怒气爆发,9,2312,0,0,0,0,0,0,1065,1776,1065,1776,1065,1776,0,0,0,12522
77,怒气爆发,10,2312,0,0,0,0,0,0,1612,2688,1612,2688,1612,2688,0,0,0,18198
77,怒气爆发,11,2312,0,0,0,0,0,0,2448,4080,2448,4080,2448,4080,0,0,0,27096
77,怒气爆发,12,2312,0,0,0,0,0,0,3600,6000,3600,6000,3600,6000,0,0,0,39000
,,,,,,,,,,,,,,,,,,,
80,灵魂力量,1,2370,0,0,0,0,0,0,7,12,7,12,7,12,0,0,0,180
80,灵魂力量,2,2370,0,0,0,0,0,0,14,24,14,24,14,24,0,0,0,372
80,灵魂力量,3,2370,0,0,0,0,0,0,28,48,28,48,28,48,0,0,0,750
80,灵魂力量,4,2370,0,0,0,0,0,0,57,96,57,96,57,96,0,0,0,1266
80,灵魂力量,5,2370,0,0,0,0,0,0,115,192,115,192,115,192,0,0,0,2052
80,灵魂力量,6,2370,0,0,0,0,0,0,230,384,230,384,230,384,0,0,0,3384
80,灵魂力量,7,2370,0,0,0,0,0,0,403,672,403,672,403,672,0,0,0,5268
80,灵魂力量,8,2370,0,0,0,0,0,0,662,1104,662,1104,662,1104,0,0,0,8208
80,灵魂力量,9,2370,0,0,0,0,0,0,1065,1776,1065,1776,1065,1776,0,0,0,12522
80,灵魂力量,10,2370,0,0,0,0,0,0,1300,2200,1300,2200,1300,2200,0,0,0,18198
80,灵魂力量,11,2370,0,0,0,0,0,0,2000,3300,2000,3300,2000,3300,0,0,0,27096
80,灵魂力量,12,2370,0,0,0,0,0,0,3000,4800,3000,4800,3000,4800,0,0,0,39000
,,,,,,,,,,,,,,,,,,,
81,无敌,1,3047,0,0,0,0,0,0,0,0,0,0,0,0,0,0,0,200
81,无敌,2,3047,0,0,0,0,0,0,0,0,0,0,0,0,0,0,0,225
81,无敌,3,3047,0,0,0,0,0,0,0,0,0,0,0,0,0,0,0,250
81,无敌,4,3047,0,0,0,0,0,0,0,0,0,0,0,0,0,0,0,275
81,无敌,5,3047,0,0,0,0,0,0,0,0,0,0,0,0,0,0,0,300
81,无敌,6,3047,0,0,0,0,0,0,0,0,0,0,0,0,0,0,0,350
81,无敌,7,3047,0,0,0,0,0,0,0,0,0,0,0,0,0,0,0,400
81,无敌,8,3047,0,0,0,0,0,0,0,0,0,0,0,0,0,0,0,450
81,无敌,9,3047,0,0,0,0,0,0,0,0,0,0,0,0,0,0,0,500
81,无敌,10,3047,0,0,0,0,0,0,0,0,0,0,0,0,0,0,0,600
81,无敌,11,3047,0,0,0,0,0,0,0,0,0,0,0,0,0,0,0,700
81,无敌,12,3047,0,0,0,0,0,0,0,0,0,0,0,0,0,0,0,800
